ID,Title,TMDB_id,IMGID
[Film288],Mulholland Dr.,1018,/tVxGt7uffLVhIIcwuldXOMpFBPX.jpg
[Film68],There Will Be Blood,7345,/fa0RDkAlCec0STeMNAhPaF89q6U.jpg
[Film1441],In the Mood for Love,843,/iYypPT4bhqXfq1b6EnmxvRt6b2Y.jpg
[Film639],Spirited Away,129,/yr7wocm26hT7IQBB78sprQVLlVd.jpg
[Film1164],Yi Yi,25538,/hTPkCpK9SLGDMXRbUwzoep0MxOx.jpg
[Film153],No Country for Old Men,6977,/6d5XOczc226jECq0LIX0siKtgHR.jpg
[Film2338],Tropical Malady,11534,/9WJ8ZSZp2NC7jSvweFLskldpzzg.jpg
[Film2721],Love Exposure,28422,/3QSGUdzG374H7pOxIdKNBpeLEUk.jpg
[Film7747],Syndromes and a Century,27904,/1XUMd93PRMUkCtE2NWn0zQb1NC6.jpg
[Film50],Inland Empire,1730,/s5f0FbVAABEnJYKaApWORTxhiFC.jpg
[Film768],Werckmeister Harmonies,23160,/nxWEG9JzmJx3eLE8y7CUHmaj3CE.jpg
[Film227],Dogville,553,/lraVawavIXh5geMlVjpzCw9TGwR.jpg
[Film1223],Eureka,38047,/hYe0YK20iI7Bdi8mdzW2JOJKbhj.jpg
[Film327],Memento,77,/yuNs09hvpHVU1cBTCAk9zxsL2oW.jpg
[Film251],Eternal Sunshine of the Spotless Mind,38,/5MwkWH9tYHv3mV9OdYTMR5qreIz.jpg
[Film1870],"Synecdoche, New York",4960,/ZLNHDNSnBzQlCEjHMsQ7mJU0sX.jpg
[Film2458],Memories of Murder,11423,/jcgUjx1QcupGzjntTVlnQ15lHqy.jpg
[Film1854],What Time Is It There?,24166,/dRsZF1I4s4jx99wEyZyIsOpu3Uw.jpg
[Film470],Children of Men,9693,/5Xp9utB0DOJrP9A2RbUHkPWpim3.jpg
[Film170],Oldboy,670,/pWDtjs568ZfOTMbURQBYuT4Qxka.jpg
[Film632],Amélie,194,/oTKduWL2tpIKEmkAqF4mFEAWAsv.jpg
[Film205],Kill Bill: Vol. 1,24,/v7TaX8kXMXs5yFFGR41guUDNcnB.jpg
[Film178],Dancer in the Dark,16,/9rsivF4sWfmBzrNr4LPu6TNJhXX.jpg
[Film27],Lost in Translation,153,/wkSzJs7oMf8MIr9CQVICsvRfwA7.jpg
[Film325],City of God,598,/k7eYdWvhYQyRQoU2TB2A2Xu2TfD.jpg
[Film19683],As I Was Moving Ahead Occasionally I Saw Brief Glimpses of Beauty,130824,/zOql09HNG3VQNRrCNrpJ84JCQ59.jpg
[Film1208],Punch-Drunk Love,8051,/ni98pJPeHlfaxWQ3XUD0Bm4r9mb.jpg
[Film1334],Before Sunset,80,/gycdE1ARByGQcK4fYR2mgpU6OO.jpg
[Film280],Donnie Darko,141,/fhQoQfejY1hUcwyuLgpBrYs6uFt.jpg
[Film18655],Tie Xi Qu: West of the Tracks,86282,/r8XEm9gwTSPOilcafCfHZXsKCJu.jpg
[Film1001],Pulse,27324,/qYbNsOPWacWVyDCq0OBH8DlPGjJ.jpg
[Film7679],Enter the Void,34647,/krKnsfvSJM1PL40tLicRhVQ6kuG.jpg
[Film2574],Inglourious Basterds,16869,/7sfbEnaARXDDhKm0CZ7D7uc2sbo.jpg
[Film1857],"Goodbye, Dragon Inn",56616,/js1uTY2FuKspVRQWLudFkEteFI5.jpg
[Film16956],A Serious Man,12573,/qElmjwRZuOQmzgmWRixFd7xEmPn.jpg
[Film782],Hidden,445,/vSIGVNCLDnw1NYH8mgSrxC5jYQn.jpg
[Film263],Requiem for a Dream,641,/a1BrBoErndBAYEZZEJaotIJ6CE1.jpg
[Film1939],Blissfully Yours,47046,/30iCmKCVTuFWDh7tpBKzeAHlOAQ.jpg
[Film1250],The Assassination of Jesse James by the Coward Robert Ford,4512,/2d1S6fJS80fvseg6mJE8eq5o7Kx.jpg
[Film98],The Lord of the Rings: The Fellowship of the Ring,120,/6oom5QYQ2yQTMJIbnvbkBL9cHo6.jpg
[Film2125],The White Ribbon,37903,/54dlnGDexrwAFlDb8HWKfmmX4LB.jpg
[Film651],The New World,11400,/dPyWMlQd54r3pK17GKG3iqjvNZ7.jpg
[Film57],The Royal Tenenbaums,9428,/8CSFm5MPWfihJqio8BSiByRAeWf.jpg
[Film678],Miami Vice,82,/iJPSls4taB09EUKtLj6FjFSprb3.jpg
[Film1234],In Vanda's Room,87063,/jGDth4xiGieG08iBtRSjpREcBBy.jpg
[Film24279],Dogtooth,38810,/znbdyrzeeAFeYAhB20epEpbuJ9n.jpg
[Film1619],2046,844,/jIN65qw0Giplo4CshzMrxz204Wn.jpg
[Film812],Zodiac,1949,/6YmeO4pB7XTh8P8F960O1uA14JO.jpg
[Film180],Sympathy for Mr. Vengeance,4689,/8ICeU0RLHQErvoKsPTLYh6Nluw.jpg
[Film1193],Adaptation.,2757,/ffEmHQAiD0m5dEQ6rlsuA9vlllW.jpg
[Film15214],Mary and Max.,24238,/b4LKlquh0ls5Rgb27QLPlkC7Oya.jpg
[Film2424],WALL·E,10681,/2Wjn5vxvJmomJQkLuUwyX2hBaif.jpg
[Film4913],Still Walking,25050,/FWJbhAPdwiwKhUaAyz841jpYa1.jpg
[Film1517],Mysterious Skin,11171,/wgSwDqhl6Rt3cuSCwt5sNpPna3x.jpg
[Film1858],The Wayward Cloud,36253,/yUiaaeJny4ZXME28j4TAUJii5om.jpg
[Film976],The Wrestler,12163,/6OTR8dSoNGjWohJNo3UhIGd3Tj.jpg
[Film1449],Howl's Moving Castle,4935,/TkTPELv4kC3u1lkloush8skOjE.jpg
[Film916],Mind Game,21712,/e5mV1iVcjg7nkpJrskQOnFCR4H9.jpg
[Film1562],Songs From the Second Floor,34070,/heW06kNneH6nL59h4ZoaODYXFmY.jpg
[Film683],Irreversible,979,/rxeDxo8FvZpLu6iplNpxdtAVnfu.jpg
[Film91],Ghost World,1548,/uwKqnUPE4dSM0kKuMW0vXpURh2T.jpg
[Film1574],Nobody Knows,80346,/cIVLP2fwsRbjU5kNL1W0rjp4QRM.jpg
[Film276],The Man Who Wasn't There,10778,/lrCgt8NNMyFsfmXyXiSSCRXNH4u.jpg
[Film430],The Pianist,423,/2hFvxCCWrTmCYwfy7yum0GKRi3Y.jpg
[Film2055],Wendy and Lucy,8942,/cSe2AuFL6hL7EYd3jFAdsPtoaqS.jpg
[Film1505],"4 Months, 3 Weeks and 2 Days",2009,/pcpPPNipfPhczHO8hlRUSayvoFh.jpg
[Film302],The Lives of Others,582,/5BCyeLJHPcRwhu0YaRqUzw00JJ4.jpg
[Film1431],Let the Right One In,13310,/4hezTKTuZMp0l2ufihKwPgLmfLg.jpg
[Film989],Pan's Labyrinth,1417,/iZTgxn14z9MwbVqq8nnxG4kc1n5.jpg
[Film1219],Colossal Youth,82404,/41LOj8qcfMvV7DrxnPOZ6bKo4VF.jpg
[Film1491],A.I. Artificial Intelligence,644,/wnUAcUrMRGPPZUDroLeZhSjLkuu.jpg
[Film532],Brokeback Mountain,142,/fsbzfe9eLOEl5rJX04nPEr1eoAi.jpg
[Film150],Hot Fuzz,4638,/zPib4ukTSdXvHP9pxGkFCe34f3y.jpg
[Film1595],Russian Ark,16646,/7NhwiUZHBajpKC2xcGcpFhMJ07k.jpg
[Film27873],Mother,37080,/k5CjH4scjbBlGWLdZyUS7NEZf16.jpg
[Film696],The Departed,1422,/kWWAt2FMRbqLFFy8o5R4Zr8cMAb.jpg
[Film722],Unbreakable,9741,/mLuehrGLiK5zFCyRmDDOH6gbfPf.jpg
[Film1443],3-Iron,1280,/pEIeQu5iqarb1j4gUYK9WD3PQ4q.jpg
[Film293],Talk to Her,64,/ePERgbqEI1sYTzSVIHDYD9MJ1IS.jpg
[Film155],Elephant,1807,/1a4VU9z2hxEvugHMK7VsobB9xTX.jpg
[Film574],Paprika,4977,/dJI2FSs3qfEPW82cWYfIaV8cVmN.jpg
[Film8],All About Lily Chou-Chou,16664,/xdmhtEBufczzp4hpFEdykeHKJ8m.jpg
[Film3915],Platform,80427,/bVsKE1iQ0HXZyBgBZ3Ro9CKiotj.jpg
[Film3864],My Winnipeg,13241,/d6Zh4qmKzZc6fcWsKZLRd3I5KgL.jpg
[Film7818],A Prophet,21575,/x9Jb8kewBHPzjTtgCQvoQoDsy4d.jpg
[Film207],Kill Bill: Vol. 2,393,/2yhg0mZQMhDyvUQ4rG1IZ4oIA8L.jpg
[Film93],Ratatouille,2062,/npHNjldbeTHdKKw28bJKs7lzqzj.jpg
[Film792],Grizzly Man,501,/nXIV2qGK9KkdkaOTzrpK87CuAGC.jpg
[Film338],Star Wars Episode III: Revenge of the Sith,1895,/xfSAoBEm9MNBjmlNcDYLvLSMlnq.jpg
[Film14809],Ritual,39056,/aA5Ke7DLGS4erUEJF7syAqB7hqo.jpg
[Film103],The Dark Knight,155,/qJ2tW6WMUDux911r6m7haRef0WH.jpg
[Film3871],Antichrist,17609,/6qWc8v2JFiWkGotaj1g7bEFBn5u.jpg
[Film1710],Millennium Actress,33320,/p44UXOFBCY5xbpCKEsWpi4filCD.jpg
[Film371],The Brown Bunny,12703,/f8HomPJlyPGIWgBODNbWQrRgjxW.jpg
[Film5529],The World,41292,/J5EzjyzOAsAnNotYAnFA973F9q.jpg
[Film679],Collateral,1538,/iOpi3ut5DhQIbrVVjlnmfy2U7dI.jpg
[Film3750],Millennium Mambo,11553,/gBZd08AvM543qIBIPgLXKieMq3C.jpg
[Film59],The Life Aquatic With Steve Zissou,421,/qZoFLNBC78jzboWeDH6Ha0qavF2.jpg
[Film19083],35 Shots of Rum,26191,/joOoCuOaiZXZZRiS4JpontBL3Gz.jpg
[Film291],Shaun of the Dead,747,/dgXPhzNJH8HFTBjXPB177yNx6RI.jpg
[Film1063],The Diving Bell and the Butterfly,2013,/3MJUo4bCPai5r9zrw7nTS8sVzQ7.jpg
[Film1898],In Praise of Love,52717,/sGmEuGX4UL1SY7t6bAy6lmIutx.jpg
[Film1564],"You, the Living",,
[Film671],Ghost in the Shell 2: Innocence,,
[Film6120],Fantastic Mr. Fox,,
[Film1374],And Your Mother Too,,
[Film107],The Lord of the Rings: The Return of the King,,
[Film2920],Happy-Go-Lucky,,
[Film23474],Halloween II,,
[Film1387],"Spring, Summer, Autumn, Winter... and Spring",,
[Film105],The Lord of the Rings: The Two Towers,,
[Film659],The Piano Teacher,,
[Film40345],Ten Skies,,
[Film391],Almost Famous,,
[Film1556],Ponyo,,
[Film502],American Psycho,,
[Film8034],Tale of Cinema,,
[Film2057],Waltz With Bashir,,
[Film147],Hero,,
[Film63194],"Trees of Syntax, Leaves of Axis",,
[Film4262],Offside,,
[Film4172],Last Life in the Universe,,
[Film726],The Village,,
[Film643],Southland Tales,,
[Film5437],Ten,,
[Film330],Gladiator,,
[Film2529],Time and Tide,,
[Film458],In Bruges,,
[Film152],Cat Soup,,
[Film2929],The Room,,
[Film808],Dolls,,
[Film49540],Café Noir,,
[Film44298],Castaway on the Moon,,
[Film512],Freddy Got Fingered,,
[Film405],This Is England,,
[Film6306],Two Lovers,,
[Film57591],At Sea,,
[Film333],Sin City,,
[Film824],Love's a Bitch,,
[Film198],Lady Vengeance,,
[Film11789],The Day I Became a Woman,,
[Film3212],Still Life,,
[Film1875],Spider-Man 2,,
[Film4894],The Gleaners and I,,
[Film51203],Evolution of a Filipino Family,,
[Film1311],Far From Heaven,,
[Film7186],Los Angeles Plays Itself,,
[Film27375],tokyo.sora,,
[Film23056],Noriko's Dinner Table,,
[Film2155],The Incredibles,,
[Film2734],Sideways,,
[Film701],Mean Girls,,
[Film3202],Keane,,
[Film1680],Downfall,,
[Film40344],Sogobi,,
[Film1114],21 Grams,,
[Film3473],"La Commune (Paris, 1871)",,
[Film247],Ichi the Killer,,
[Film2724],Death Proof,,
[Film20953],Celestial Subway Lines/Salvaging Noise,,
[Film616],The Triplets of Belleville,,
[Film646],The Prestige,,
[Film3656],Trouble Every Day,,
[Film38416],A Town Called Panic,,
[Film1571],Borat: Cultural Learnings of America for Make Benefit Glorious Nation of Kazakhstan,,
[Film20087],Secret Sunshine,,
[Film11283],The Taste of Tea,,
[Film1845],George Washington,,
[Film34271],The Bridge of Arts,,
[Film4930],Up,,
[Film2729],The Twilight Samurai,,
[Film301],Snatch,,
[Film1811],The Others,,
[Film136336],Fragile As the World,,
[Film1002],Retribution,,
[Film6528],The Death of Mr. Lazarescu,,
[Film2869],Hedwig and the Angry Inch,,
[Film2600],Hunger,,
[Film4432],Memories of Matsuko,,
[Film796],Encounters at the End of the World,,
[Film3116],Infernal Affairs,,
[Film5331],The Dreamers,,
[Film1010],Tokyo Sonata,,
[Film6461],Tarnation,,
[Film2320],Lilja 4-ever,,
[Film1386],Babel,,
[Film41020],Ruhr,,
[Film732],Superbad,,
[Film113],"O Brother, Where Art Thou?",,
[Film3815],Distant,,
[Film2483],Primer,,
[Film915],High Fidelity,,
[Film35049],Workers for the Good Lord,,
[Film347],Star Wars Episode II: Attack of the Clones,,
[Film4214],Exiled,,
[Film2450],The Son,,
[Film724],Signs,,
[Film2827],Resident Evil,,
[Film1978],Jackass: The Movie,,
[Film6374],Throw Down,,
[Film1511],Brand Upon the Brain!,,
[Film34507],Love Torn in a Dream,,
[Film3740],Persepolis,,
[Film2110],Demonlover,,
[Film10001],Speed Racer,,
[Film127],28 Days Later...,,
[Film19998],With the Girl of Black Soil,,
[Film57117],At the First Breath of Wind,,
[Film111877],Seasons...,,
[Film40281],Frownland,,
[Film2615],Silent Light,,
[Film38591],The Living World,,
[Film2328],25th Hour,,
[Film2100],Mary,,
[Film3391],The Intruder,,
[Film473],Battle Royale,,
[Film1348],Friday Night,,
[Film1499],Martyrs,,
[Film1436],The Return,,
[Film8212],Oasis,,
[Film11544],Birth,,
[Film16173],Bad Lieutenant: Port of Call - New Orleans,,
[Film29603],Trash Humpers,,
[Film692],Into the Wild,,
[Film897],Bad Education,,
[Film2635],Shara,,
[Film1748],Tokyo Godfathers,,
[Film4680],Vera Drake,,
[Film11883],Virgin Stripped Bare by Her Bachelors,,
[Film269],A Bittersweet Life,,
[Film3252],In the City of Sylvia,,
[Film6202],The Best of Youth,,
[Film29445],Noroi: The Curse,,
[Film1658],Little Miss Sunshine,,
[Film20912],Bright Star,,
[Film2447],Kung Fu Hustle,,
[Film4422],REC,,
[Film2415],Femme Fatale,,
[Film343],The Matrix Reloaded,,
[Film851],Match Point,,
[Film29783],24 City,,
[Film26449],About Elly,,
[Film5688],The Proposition,,
[Film2052],Old Joy,,
[Film1704],The Girl Who Leapt Through Time,,
[Film1462],13 Lakes,,
[Film33358],RR,,
[Film2879],You Can Count on Me,,
[Film2470],The Swamp,,
[Film7069],The Devil and Daniel Johnston,,
[Film10584],Tears of the Black Tiger,,
[Film1813],Traffic,,
[Film1641],Code Unknown: Incomplete Tales of Several Journeys,,
[Film4313],The Host,,
[Film35354],The Secret in Their Eyes,,
[Film55416],Dying at Grace,,
[Film1878],Marie Antoinette,,
[Film3827],Morvern Callar,,
[Film3462],Bamboozled,,
[Film10975],Come and Go,,
[Film16236],Moon,,
[Film4216],Sparrow,,
[Film3786],"Monsters, Inc.",,
[Film9573],Dark Days,,
[Film729],The Happening,,
[Film14625],Rejected,,
[Film8040],Night and Day,,
[Film1225],"My God, My God, Why Hast Thou Forsaken Me?",,
[Film29263],Lake Mungo,,
[Film33534],White Material,,
[Film8568],The House of Small Cubes,,
[Film2366],Bug,,
[Film64],The Darjeeling Limited,,
[Film14572],Whatever Works,,
[Film16788],Air Doll,,
[Film3662],Deja Vu,,
[Film1465],Burn After Reading,,
[Film2234],The Squid and the Whale,,
[Film26250],Black Dynamite,,
[Film175],Crank,,
[Film2293],24 Hour Party People,,
[Film1355],Gerry,,
[Film10449],Public Enemies,,
[Film508],"Crouching Tiger, Hidden Dragon",,
[Film1035],Shrek,,
[Film3789],Three Times,,
[Film970],Bright Future,,
[Film4943],United 93,,
[Film23176],Hotel,,
[Film17446],On the Occasion of Remembering the Turning Gate,,
[Film5656],The Wind That Shakes the Barley,,
[Film3613],The SpongeBob SquarePants Movie,,
[Film9240],The Circle,,
[Film554],Vicky Cristina Barcelona,,
[Film6983],Moolaadé,,
[Film6208],Dream Work,,
[Film67902],Time and Tide,,
[Film10186],The Heart of the World,,
[Film11785],Che,,
[Film4437],Hulk,,
[Film2196],Twilight,,
[Film372],The Consequences of Love,,
[Film558],The Science of Sleep,,
[Film1313],The Fountain,,
[Film50014],In the Darkness of Time,,
[Film1825],Catch Me If You Can,,
[Film15666],Kamikaze Girls,,
[Film6861],Coraline,,
[Film61056],The Lighthouse,,
[Film11799],The Hangover,,
[Film870],The Devil's Rejects,,
[Film6376],PTU: Police Tactical Unit,,
[Film18659],Crude Oil,,
[Film36891],The Fourth Dimension,,
[Film63826],In Order Not to Be Here,,
[Film25109],District 9,,
[Film12922],Fish Tank,,
[Film16212],"My Son, My Son, What Have Ye Done",,
[Film30653],Henri-Georges Clouzot's Inferno,,
[Film1861],I Don't Want to Sleep Alone,,
[Film2333],Pineapple Express,,
[Film47752],Double Tide,,
[Film24262],My Left Eye Sees Ghosts,,
[Film33408],Casting a Glance,,
[Film75599],Fireworks Wednesday,,
[Film8038],Woman on the Beach,,
[Film54049],Letter From a Filmmaker to His Daughter,,
[Film1284],Million Dollar Baby,,
[Film1062],The Simpsons Movie,,
[Film55292],Mundane History,,
[Film3150],A Christmas Tale,,
[Film14901],Linda Linda Linda,,
[Film2642],A Talking Picture,,
[Film30571],Om Shanti Om,,
[Film623],Cloverfield,,
[Film4793],Madagascar,,
[Film3187],Haze,,
[Film811],The Blind Swordsman: Zatoichi,,
[Film7262],The Hurt Locker,,
[Film13935],Mysterious Object at Noon,,
[Film3143],Kings and Queen,,
[Film18592],Life and Debt,,
[Film11019],Honour of the Knights,,
[Film1322],Harry Potter and the Prisoner of Azkaban,,
[Film2565],Bloody Sunday,,
[Film1616],Finding Nemo,,
[Film6224],Elegy of a Voyage,,
[Film2241],Café Lumière,,
[Film7100],Solaris,,
[Film1016],The 40-Year-Old Virgin,,
[Film1214],The Aviator,,
[Film5192],Turtles Can Fly,,
[Film2819],Adrift in Tokyo,,
[Film986],About Schmidt,,
[Film2663],The Ring,,
[Film710],Dead or Alive 2: Birds,,
[Film4237],The Emperor's New Groove,,
[Film1553],Instructions for a Light and Sound Machine,,
[Film744],Tropic Thunder,,
[Film62],Control,,
[Film2437],The Child,,
[Film4441],Funny Ha Ha,,
[Film255],"I'm a Cyborg, but That's OK",,
[Film33525],Adagio,,
[Film4154],The Devil's Backbone,,
[Film6344],Capturing the Friedmans,,
[Film1230],Kung Fu Panda,,
[Film5054],The Reader,,
[Film4217],Mad Detective,,
[Film10360],Time,,
[Film24256],Pontypool,,
[Film11778],Crimson Gold,,
[Film20515],Domestic Violence,,
[Film631],Gozu,,
[Film31714],Gentlemen Broncos,,
[Film111868],Threnody,,
[Film4218],Running on Karma,,
[Film1919],The Saddest Music in the World,,
[Film5794],Secret Things,,
[Film578],Watchmen,,
[Film1882],Master and Commander: The Far Side of the World,,
[Film339],Napoleon Dynamite,,
[Film2789],Mission to Mars,,
[Film10243],House of Sand and Fog,,
[Film24980],The Brutal Hopelessness of Love,,
[Film4213],Election 2,,
[Film16833],Azumanga Daioh: The Very Short Movie,,
[Film18971],Artemis' Knee,,
[Film4859],Chunhyang,,
[Film1282],Mystic River,,
[Film26757],Fake Blond,,
[Film12665],The Weeping Meadow,,
[Film11787],Faithless,,
[Film4117],The Story of Marie and Julien,,
[Film8061],Days and Hours,,
[Film455],Cast Away,,
[Film10718],Sophie Scholl - The Final Days,,
[Film85736],Women Workers Leaving the Factory,,
[Film2067],Billy Elliot,,
[Film2905],Jackass Number Two,,
[Film13597],Treasure Planet,,
[Film114294],Yeti: A Love Story,,
[Film8094],Dark Blue,,
[Film59635],To the Sea,,
[Film3745],Saraband,,
[Film18092],Where the Wild Things Are,,
[Film10567],Mesrine: Killer Instinct,,
[Film1358],Regular Lovers,,
[Film1805],Aqua Teen Hunger Force Colon Movie Film for Theaters,,
[Film90293],In the Bathtub of the World,,
[Film4912],Distance,,
[Film1257],Last Days,,
[Film29200],Rembrandt's J'accuse...!,,
[Film19704],The Free Will,,
[Film45159],Sweetgrass,,
[Film9120],Funny People,,
[Film21694],Liberty and Fatherland,,
[Film9208],Iris,,
[Film19005],Electroma,,
[Film3117],Tony Takitani,,
[Film38528],The Night of the Clocks,,
[Film32642],True to Life,,
[Film2960],Yella,,
[Film1510],Bad Boys II,,
[Film10943],The Heart Is Deceitful Above All Things,,
[Film7475],The Chaser,,
[Film2085],Paranoid Park,,
[Film55377],We Are The Strange,,
[Film77558],Yeast,,
[Film60961],"Napoli, Napoli, Napoli",,
[Film2031],House of 1000 Corpses,,
[Film5109],8 Women,,
[Film19184],Solar Beats,,
[Film2736],The King of Kong,,
[Film6323],Man on Wire,,
[Film3166],Our Music,,
[Film46927],Winter's Bone,,
[Film15685],Swing Girls,,
[Film1176],Eastern Promises,,
[Film672],Avalon,,
[Film30137],The Time That Remains,,
[Film80203],Vertigo Rush,,
[Film5450],13 Going on 30,,
[Film14701],The Captive,,
[Film35592],A Single Man,,
[Film3795],The Baader Meinhof Complex,,
[Film1863],The Limits of Control,,
[Film9180],Kinsey,,
[Film12977],The State I Am In,,
[Film6179],The Girl With the Dragon Tattoo,,
[Film936],Casino Royale,,
[Film786],Brother,,
[Film655],Time of the Wolf,,
[Film5265],Michael Clayton,,
[Film1059],Tekkon Kinkreet,,
[Film3385],Atonement,,
[Film1769],How High,,
[Film5449],The Mist,,
[Film27805],House of Sand,,
[Film38084],Day Night Day Night,,
[Film11267],Horton Hears a Who!,,
[Film106480],Schuss!,,
[Film106635],I-Be AREA,,
[Film12078],Stuck,,
[Film5195],Half Moon,,
[Film8368],Atanarjuat: The Fast Runner,,
[Film108],Dead Man's Shoes,,
[Film2219],The Man Without a Past,,
[Film11361],Lunacy,,
[Film16727],"Police, Adjective",,
[Film310],Team America: World Police,,
[Film5183],Marooned in Iraq,,
[Film54116],Needing You...,,
[Film9673],The Aura,,
[Film10439],Cremaster 3,,
[Film5681],Miss Congeniality,,
[Film18298],Hotel Chevalier,,
[Film74865],Routine Holiday,,
[Film24872],My Dear Enemy,,
[Film38589],The Portuguese Nun,,
[Film23616],Take Care of My Cat,,
[Film2914],Half Nelson,,
[Film958],Harry Potter and the Sorcerer's Stone,,
[Film761],I Am a Sex Addict,,
[Film190313],Tahousse,,
[Film119651],Rehearsals for Retirement,,
[Film5412],The Secret of the Grain,,
[Film4656],Of Time and the City,,
[Film92205],Le masque de la Méduse,,
[Film10445],Light Is Waiting,,
[Film60842],Compline,,
[Film2882],Baby Boy,,
[Film1412],*Corpus Callosum,,
[Film4211],Suicide Club,,
[Film8308],Who Knows?,,
[Film3305],Milk,,
[Film1159],Minority Report,,
[Film36870],The Misfortunates,,
[Film9560],Off the Charts: The Song-Poem Story,,
[Film26176],"Dance Party, USA",,
[Film3939],Gone Baby Gone,,
[Film6791],High School Musical 2,,
[Film17230],Six Shooter,,
[Film43221],The Blood of Rebirth,,
[Film37961],I Am So Proud of You,,
[Film6830],Intact,,
[Film83],Slumdog Millionaire,,
[Film58282],Open Your Mind,,
[Film90],Waking Life,,
[Film629],Be Kind Rewind,,
[Film19499],Poultrygeist: Night of the Chicken Dead,,
[Film78338],No Place Like Home,,
[Film3565],We're All Christs,,
[Film4264],Paradise Now,,
[Film19880],Versus,,
[Film50249],Aka Ana,,
[Film4219],Fulltime Killer,,
[Film14864],Switching - Goodbye Me,,
[Film2369],Touching the Void,,
[Film4846],The Queen,,
[Film35997],The Willow Tree,,
[Film18515],Polytechnique,,
[Film7243],Children Underground,,
[Film33442],To End All Wars,,
[Film2791],Best in Show,,
[Film107422],False Aging,,
[Film17561],My Life on Ice,,
[Film111869],Song and Solitude,,
[Film3481],Once,,
[Film3263],The Wedding,,
[Film191],Crank 2,,
[Film10661],The Forest for the Trees,,
[Film2038],I'm Not There.,,
[Film4747],Click,,
[Film38590],Every Night,,
[Film833],Gran Torino,,
[Film47805],White Lightnin',,
[Film62096],Cracked Share,,
[Film790],Pirates of the Caribbean: The Curse of the Black Pearl,,
[Film12521],The Damned United,,
[Film5130],The Orphanage,,
[Film30094],Involuntary,,
[Film7817],Youth Without Youth,,
[Film10426],Smiley Face,,
[Film3638],Erin Brockovich,,
[Film14203],Heima,,
[Film412],Psycho Beach Party,,
[Film26217],The Border Post,,
[Film104121],Foster's Home for Imaginary Friends: Destination Imagination,,
[Film66843],Correspondances,,
[Film1902],Bruce Almighty,,
[Film1049],Zoolander,,
[Film2652],War of the Worlds,,
[Film5448],The Happiness of the Katakuris,,
[Film3873],Head-On,,
[Film869],Broken Flowers,,
[Film20790],The Road,,
[Film4297],Cowards Bend the Knee,,
[Film3713],Sleepless,,
[Film40531],I Capture the Castle,,
[Film65313],The Full Country,,
[Film16494],Last Orders,,
[Film171874],Superstarlet A.D.,,
[Film6295],We Own the Night,,
[Film76371],The White Meadows,,
[Film4909],I Know Who Killed Me,,
[Film143956],Uncut Family,,
[Film14903],Su-ki-da,,
[Film128734],Market Street,,
[Film17958],Trouble the Water,,
[Film3455],Domino,,
[Film36598],Warming by the Devil's Fire,,
[Film18145],Now Showing,,
[Film16752],(500) Days of Summer,,
[Film20270],Jennifer's Body,,
[Film5107],Secretary,,
[Film998],Steak,,
[Film733],Knocked Up,,
[Film16822],Citizen Toxie: The Toxic Avenger IV,,
[Film12096],O signo do caos,,
Psychedelic Death Vomit],Psychedelic Death Vomit,,
[Film110367],Samurai Jack: The Premiere Movie,,
[Film872],Dave Chappelle's Block Party,,
[Film4166],Spider,,
[Film27520],Bones,,
[Film4439],The Counterfeiters,,
[Film2759],American Splendor,,
[Film1837],"Hi, Tereska",,
[Film102792],Midnight Ballad for Ghost Theater,,
[Film33838],Lourdes,,
[Film6485],Doubt,,
[Film6488],Pootie Tang,,
[Film7446],Lake of Fire,,
[Film7430],Survive Style 5+,,
[Film2475],A Scanner Darkly,,
[Film3866],Inside,,
[Film121405],Guided by Voices,,
[Film15324],20 Centimeters,,
[Film1925],Love Actually,,
[Film4996],Memoirs of a Geisha,,
[Film21692],Origins of the 21st Century,,
[Film106482],Trains Are for Dreaming,,
[Film4212],Election,,
[Film64193],Redline,,
[Film6567],Palindromes,,
[Film6610],Blood Tea and Red String,,
[Film8872],Waitress,,
[Film4106],Rambo,,
[Film6166],The Devils,,
[Film18336],Bronson,,
[Film464],Planet Terror,,
[Film5832],The Curse of the Jade Scorpion,,
[Film5951],Ginger Snaps,,
[Film2270],Forgetting Sarah Marshall,,
[Film6866],Into Great Silence,,
[Film4175],Ploy,,
[Film47360],Vampire,,
[Film16396],Sin nombre,,
[Film1336],Harry Potter and the Order of the Phoenix,,
[Film4296],Chicken Run,,
[Film1391],In the Loop,,
[Film1252],J.S.A.: Joint Security Area,,
[Film3891],Face,,
[Film1691],"The Good, the Bad, the Weird",,
[Film2240],Happy Feet,,
[Film8000],Hustle & Flow,,
[Film23771],West Side Avenue,,
[Film6473],Charlie Wilson's War,,
[Film48805],White Light/Black Rain: The Destruction of Hiroshima and Nagasaki,,
[Film5326],Step Brothers,,
[Film1324],A History of Violence,,
[Film8937],Vampire Hunter D: Bloodlust,,
[Film14320],In Search of a Midnight Kiss,,
[Film354],Return,,
[Film2441],Lorna's Silence,,
[Film5812],The Bothersome Man,,
[Film3193],The Fall,,
[Film1079],Cowboy Bebop: Knockin' on Heaven's Door,,
[Film6053],Hell House,,
[Film23772],The Blossoming of Maximo Oliveros,,
[Film35547],Everyone Else,,
[Film236830],Leading to War,,
[Film82835],Peculiarities of the National Hunt in Winter Season,,
[Film36807],Triangle,,
[Film5768],Frailty,,
[Film3289],My Mother's Smile,,
[Film7535],A New Life,,
[Film4252],The Motorcycle Diaries,,
[Film85148],Rave Macbeth,,
[Film68138],The Skylights,,
[Film10371],Scooby-Doo,,
[Film118783],The Tube with a Hat,,
[Film10568],Vengeance,,
[Film67997],Portrait,,
[Film4104],The Man From London,,
[Film2633],The Terminal,,
[Film9244],Together,,
[Film23192],Valhalla Rising,,
[Film5627],Sweeney Todd: The Demon Barber of Fleet Street,,
[Film77888],Chainsaw Maid,,
[Film3124],Visitor Q,,
[Film4777],Hellboy,,
[Film393],Batman Begins,,
[Film479],Star Trek,,
[Film2587],Dawn of the Dead,,
[Film24047],A Building in Copacabana,,
[Film36885],Like You Know It All,,
[Film6128],Candy,,
[Film51892],Kinetta,,
[Film21484],Afterschool,,
[Film6130],Princess Raccoon,,
[Film40755],La morte rouge,,
[Film34164],Mr. Nobody,,
[Film35145],Godzilla: Final Wars,,
[Film645],Wet Hot American Summer,,
[Film85],Day of the Wacko,,
[Film87453],I Never Left The White Room,,
[Film35925],I Killed My Mother,,
[Film16940],The Call of Cthulhu,,
[Film3946],May,,
[Film2684],Shaolin Soccer,,
[Film3940],Bedazzled,,
[Film6408],Chicken Little,,
[Film7322],Once Upon a Time in Mexico,,
[Film6565],You Don't Mess With the Zohan,,
[Film7423],Freddy vs. Jason,,
[Film3340],Talladega Nights: The Ballad of Ricky Bobby,,
[Film5670],Ice Age,,
[Film5696],Tenacious D in The Pick of Destiny,,
[Film1053],Anchorman: The Legend of Ron Burgundy,,
[Film610],Scary Movie,,
[Film54482],Three Wise Men,,
[Film5364],Nacho Libre,,
[Film862],Austin Powers in Goldmember,,
[Film17050],Dinosaur,,
[Film83301],Car Bonus,,
[Film4302],"Dude, Where's My Car?",,
[Film24778],Hazard,,
[Film1008],Seance,,
[Film54119],Mirrored Mind,,
[Film799],Pirates of the Caribbean: Dead Man's Chest,,
[Film161053],The Old School of Capitalism,,
[Film18968],These Encounters of Theirs,,
[Film97725],Beautiful City,,
[Film11006],The Life and Death of Peter Sellers,,
[Film6468],The United States of Leland,,
[Film597],Death to Smoochy,,
[Film136150],Still in Cosmos,,
[Film7247],Bubba Ho-tep,,
[Film51206],Death in the Land of Encantos,,
[Film7064],The Band's Visit,,
[Film20267],Cloudy With a Chance of Meatballs,,
[Film8543],Margot at the Wedding,,
[Film3018],Rachel Getting Married,,
[Film10447],No Direction Home: Bob Dylan,,
[Film79166],Last Days in a Lonely Place,,
[Film110337],Alone in the Wilderness,,
[Film1790],5 Centimeters per Second,,
[Film5771],The Edge of Heaven,,
[Film1502],Ju-on: The Grudge,,
[Film129666],And We All Shine On,,
[Film17237],12,,
[Film3114],La vie en rose,,
[Film70742],Fuck Cinema,,
[Film52508],Dead End Run,,
[Film3627],Love Liza,,
The Road Becomes What You Leave],The Road Becomes What You Leave,,
[Film40558],Seven Songs From the Tundra,,
[Film23249],My Love,,
[Film7509],A Country Doctor,,
[Film5851],The Embalmer,,
[Film413],The Bourne Supremacy,,
[Film4221],Eden Lake,,
[Film67857],Signs,,
[Film1512],Tokyo Gore Police,,
[Film43068],Dark Side of the Moon,,
[Film1935],8 Mile,,
[Film7351],Conspiracy,,
[Film1240],Where Does Your Hidden Smile Lie?,,
[Film3290],Letters From Iwo Jima,,
[Film1221],Hana and Alice,,
[Film3281],Lars and the Real Girl,,
[Film38450],The Famous and the Dead,,
[Film41831],Ghosts,,
[Film12969],Avatar,,
[Film2838],W.,,
[Film7116],Los,,
[Film7375],Ong-Bak: The Thai Warrior,,
[Film38898],Magnifico,,
[Film2443],The Sun,,
[Film1992],2 Fast 2 Furious,,
[Film6255],Wallace & Gromit: The Curse of the Were-Rabbit,,
[Film17139],The Hills of Disorder,,
[Film41607],The Carter,,
[Film10687],Beyond the Gates,,
[Film27061],Eccentricities of a Blonde-Haired Girl,,
[Film80023],It Felt Like a Kiss,,
[Film11527],Metallica: Some Kind of Monster,,
[Film4670],The Headless Woman,,
[Film56535],Summer Days With Coo,,
[Film51847],Break Through!,,
[Film241],House of Flying Daggers,,
[Film4174],Invisible Waves,,
[Film6269],Five,,
[Film11365],The Imaginarium of Doctor Parnassus,,
[Film81132],Karmen Geï,,
[Film216921],Don't Even Think You Know,,
[Film11843],Mondays in the Sun,,
[Film27035],One Fine Spring Day,,
[Film68411],Psalm III: Night of the Meek,,
[Film888],Audition,,
[Film14827],Disgrace,,
[Film110415],Camp Lazlo: Where's Lazlo?,,
[Film5955],Boys Don't Cry,,
[Film72],The Bourne Ultimatum,,
[Film17787],Guard Dog,,
[Film30909],Cleópatra,,
[Film170392],Green Fuse,,
[Film9510],Vibrator,,
[Film20110],Woman Is the Future of Man,,
[Film2167],Bad Santa,,
[Film14375],Tetro,,
[Film10864],Strange Circus,,
[Film48001],The Cordon,,
[Film11393],The Widow of Saint-Pierre,,
[Film1356],"Paris, I Love You",,
[Film48446],Amer,,
[Film12144],Pretty Persuasion,,
[Film40439],The Days When I Do Not Exist,,
[Film160633],Passion,,
[Film806],Bus 174,,
[Film6662],Everything Will Be OK,,
[Film1239],The Station Agent,,
[Film418],The Bourne Identity,,
[Film324],Chocolat,,
[Film1558],Decasia: The State of Decay,,
[Film11679],Crazy/Beautiful,,
[Film11],Sunshine,,
[Film10974],Import/Export,,
[Film9219],Nico and Dani,,
[Film19126],Female Agents,,
[Film31693],"New York, I Love You",,
[Film3823],Insomnia,,
[Film24616],The Long Holiday,,
[Film1964],Fat Girl,,
[Film145],The Virgin Suicides,,
[Film38610],Phoenix Tapes,,
[Film22172],Battle for Haditha,,
[Film13246],Stray Dogs,,
[Film17012],Evangelion: 2.0 You Can (Not) Advance,,
[Film2693],11:14,,
[Film6849],The Matador,,
[Film4673],Water Drops on Burning Rocks,,
[Film42191],3 Idiots,,
[Film41893],El valley centro,,
[Film127119],Bouquets 21-30,,
[Film35004],Snow,,
[Film2568],Brick,,
[Film348],The Matrix Revolutions,,
[Film716],Pistol Opera,,
[Film880],Adventureland,,
[Film2584],AVP: Alien vs. Predator,,
[Film894],Life as a Fatal Sexually Transmitted Disease,,
[Film16522],Angel,,
[Film7690],The Powerpuff Girls Movie,,
[Film7996],Tulpan,,
[Film10417],Lovesong,,
[Film2115],Clean,,
[Film22401],The Gift,,
[Film8717],Divine Intervention,,
[Film19325],Our Beloved Month of August,,
[Film853],Cassandra's Dream,,
[Film18398],I Always Wanted to Be a Gangster,,
[Film3002],Storytelling,,
[Film4248],Kiss Kiss Bang Bang,,
[Film9201],Frontier of the Dawn,,
[Film11376],The Luzhin Defence,,
[Film27383],Face,,
[Film69184],Trail of the Screaming Forehead,,
[Film2298],Manderlay,,
[Film6137],Good Dick,,
[Film2740],The Kid Stays in the Picture,,
[Film794],Rescue Dawn,,
[Film18996],Birdsong,,
[Film3285],The Vertical Ray of the Sun,,
[Film4101],Next,,
[Film20489],The Twilight Saga: New Moon,,
[Film1300],Shrek 2,,
[Film14129],Timecode,,
[Film4012],DEAD LEAVES,,
[Film5938],Brüno,,
[Film51617],Oxhide II,,
[Film1847],All the Real Girls,,
[Film70956],The Lost Prince,,
[Film9222],The Merchant of Venice,,
[Film2174],8MM,,
[Film2594],Iron Man,,
[Film19027],The Home Song Stories,,
[Film2648],Inside Man,,
[Film4365],Pride & Prejudice,,
[Film11030],Nine Lives,,
[Film12902],R Xmas,,
[Film2533],The Legend of Zu,,
[Film41323],That Day,,
[Film9205],Wild Innocence,,
[Film5131],Sweet Sixteen,,
[Film32688],Rain Down From Above,,
[Film15473],Love & Basketball,,
[Film1003],Loft,,
[Film19470],The Beaches of Agnès,,
[Film26303],State Legislature,,
[Film456],Since Otar Left...,,
[Film125551],Two Horses of Genghis Khan,,
[Film6131],Sexy Beast,,
[Film6942],Notes on a Scandal,,
[Film182021],Kenedi Is Getting Married,,
[Film1231],Gangs of New York,,
[Film6413],The Cave of the Yellow Dog,,
[Film2075],Training Day,,
[Film110369],The Powerpuff Girls: 'Twas the Fight Before Christmas,,
[Film46856],The Secret of Kells,,
[Film16419],Freedom,,
[Film6909],Ripley's Game,,
[Film48623],Rainbow Song,,
[Film108670],Ben 10: Secret of the Omnitrix,,
[Film4092],Open Range,,
[Film11812],Painted Fire,,
[Film6330],Quills,,
[Film2868],The Fog of War: Eleven Lessons From the Life of Robert S. McNamara,,
[Film7642],Alexandra,,
[Film2440],Halloween,,
[Film10000],Container,,
[Film1621],Juno,,
[Film1285],School of Rock,,
[Film45061],The Man Who Will Come,,
[Film108954],Crayon Shin-chan: The Storm Called: The Adult Empire Strikes Back,,
[Film6477],Dear Zachary: A Letter to a Son About His Father,,
[Film33535],Grandmother,,
[Film32686],Wind Along the Coast,,
[Film3185],Vital,,
[Film4103],Little Children,,
[Film31114],New Town Killers,,
[Film17580],Shall We Kiss?,,
[Film17967],Steamboy,,
[Film1931],Bowling for Columbine,,
[Film2556],Shanghai Dreams,,
[Film4934],Drag Me to Hell,,
[Film10227],Bamako,,
[Film110423],The Powerpuff Girls Rule!!!,,
[Film1633],A Tale of Two Sisters,,
[Film68928],The Garden of Sinners Chapter 5: Paradox Spiral,,
[Film41352],The Ape,,
[Film12124],Who's Camus Anyway?,,
[Film360],Tideland,,
[Film4924],9 Souls,,
[Film2993],Dig!,,
[Film24281],The Father of My Children,,
[Film5466],Barnyard,,
[Film10023],Oh! Uomo,,
[Film5296],Brainstorm,,
[Film212910],#37,,
[Film19342],Teknolust,,
[Film7076],The Pledge,,
[Film68308],Pine Flat,,
[Film10832],His Secret Life,,
[Film67258],Aquatic Language,,
[Film4397],Billy and Mandy's Big Boogey Adventure,,
[Film4099],Frida,,
[Film3344],Hellboy II: The Golden Army,,
[Film17493],Tony Manero,,
[Film363],Good Bye Lenin!,,
[Film36496],Black Sun,,
[Film33802],Film ist. 7-12,,
[Film22138],Summer Wars,,
[Film40901],Candy Von Dewd,,
[Film65010],High School Record,,
[Film39417],Death to the Tin Man,,
[Film3900],Wristcutters: A Love Story,,
[Film8082],Tristram Shandy: A Cock and Bull Story,,
[Film33860],Bad Day to Go Fishing,,
[Film13222],Devils on the Doorstep,,
[Film5636],Jesus Camp,,
[Film189237],Kenedi Goes Back Home,,
[Film3113],A Snake of June,,
[Film14223],Behind the Sun,,
[Film67013],The Bloodiest,,
[Film214711],Wind,,
[Film9791],Workingman's Death,,
[Film18176],Seraphim Falls,,
[Film5793],My Mother,,
[Film53454],Tomorrow We Move,,
[Film73233],The Decay of Fiction,,
[Film14699],Romance of Astrea and Celadon,,
[Film10571],Mesrine: Public Enemy #1,,
[Film37179],Frontrunners,,
[Film1360],Black Book,,
[Film368],Shortbus,,
[Film5137],The Descent,,
[Film50661],Reel Injun,,
[Film184502],The Blossoming of Etsuko Kamiya,,
[Film97743],Fuse,,
[Film3642],The Last Samurai,,
[Film1296],Capote,,
[Film3764],Flickering Lights,,
[Film59055],After Last Season,,
[Film111867],The Visitation,,
[Film26247],Liverpool,,
[Film54852],The Black Dog's Progress,,
[Film41324],Deep Into the Desert,,
[Film111866],Love's Refrain,,
[Film35036],A Visit to the Louvre,,
[Film12058],Hot Rod,,
[Film35509],Revengers Tragedy,,
[Film67110],The Box,,
[Film673],The Sky Crawlers,,
[Film2630],The Fast and the Furious: Tokyo Drift,,
[Film5564],Roger Dodger,,
[Film4188],No Man's Land,,
[Film153893],Sanguivorous,,
[Film12981],Toolbox Murders,,
[Film6574],Life Is a Miracle,,
[Film16446],Sherlock Holmes,,
[Film14385],All or Nothing,,
[Film14806],Love & Pop,,
[Film793],The Wild Blue Yonder,,
[Film35367],"Himalaya, Where the Wind Dwells",,
[Film9427],Where the Truth Lies,,
[Film170533],Hanging Upside Down In The Branches,,
[Film25638],The Meaning of Life,,
[Film49534],Reindeerspotting: Escape From Santaland,,
[Film4904],Legally Blonde,,
[Film32238],Up in the Air,,
[Film2299],Deliver Us From Evil,,
[Film9036],Bad Guy,,
[Film1559],Kingdom of Heaven,,
[Film5634],The Five Obstructions,,
[Film77925],Occult,,
[Film164043],Loving Glances,,
[Film16523],The Adventures of Felix,,
[Film454],Big Fish,,
[Film38647],Horizontal Boundaries,,
[Film6935],Bubble,,
[Film582],Gomorrah,,
[Film3486],One Hour Photo,,
[Film154115],A Light in the Fog,,
[Film2980],Gideon's Daughter,,
[Film69083],Blue,,
[Film6232],The Yards,,
[Film18650],Kaza-hana,,
[Film9],300,,
[Film11466],Julia,,
[Film118779],Poppies and Sailboats,,
[Film12985],Jerichow,,
[Film75],Coffee and Cigarettes,,
[Film1880],María Full of Grace,,
[Film17926],Harry Potter and the Half-Blood Prince,,
[Film41823],The Living and the Dead,,
[Film8006],Quiet City,,
[Film24454],The Legend of Bhagat Singh,,
[Film53463],A State of Mind,,
[Film16911],A Lake,,
[Film20237],Saw VI,,
[Film17330],The Soul of a Man,,
[Film5008],Pusher 3,,
[Film2374],Sicko,,
[Film7166],Kippur,,
[Film2776],House of Wax,,
[Film13116],Sugar & Spice,,
[Film4017],Red Dragon,,
[Film10392],In Absentia,,
[Film5769],Machuca,,
[Film18795],City of Life and Death,,
[Film19399],Modern Life,,
[Film2109],Go Go Tales,,
[Film2244],1408,,
[Film56592],Assault Girls,,
[Film3063],Brotherhood of the Wolf,,
[Film33284],Sir! No Sir!,,
[Film1523],Blue Spring,,
[Film37659],Getting Home,,
[Film10999],Broken Embraces,,
[Film6029],Bully,,
[Film10301],Monday,,
[Film4697],Mission: Impossible III,,
[Film10098],Nurse Betty,,
[Film3928],White Chicks,,
[Film6462],Departures,,
[Film29834],Life Is Hot in Cracktown,,
[Film120327],Wednesday Morning Two A.M.,,
[Film24033],The Box,,
[Film461],The Machinist,,
[Film1581],メトロポリス [Metropolis],,
[Film23779],Boat,,
[Film16426],Fyra nyanser av brunt [Four Shades of Brown],,
[Film11845],Darkened Room,,
[Film80170],Picture Again,,